sjsu_id,email,first_name,last_name,role,password
S742678387,noreen.cowderoy@yahoo.com,Noreen,Cowderoy,student,Welcome@001
S322678363,franky.garlick@aol.com,Franky,Garlick,student,Welcome@002
S792678437,kelly.nolder@hotmail.com,Kelly,Nolder,student,Welcome@003
S572678415,trevor.pfertner@gmail.com,Trevor,Pfertner,student,Welcome@004
S672678416,welsh.stuer@gmail.com,Welsh,Stuer,student,Welcome@005
S212678352,jeremiah.bosdet@gmail.com,Jeremiah,Bosdet,student,Welcome@006
S412678354,hashim.dorken@hotmail.fr,Hashim,Dorken,student,Welcome@007
S612678356,lora.scrinage@yahoo.com,Lora,Scrinage,student,Welcome@008
S982678429,taber.insko@hotmail.com,Taber,Insko,student,Welcome@009
S192678431,loy.fenlon@hotmail.com,Loy,Fenlon,student,Welcome@010
S162678401,dredi.loosemore@gmail.com,Dredi,Loosemore,student,Welcome@011
S542678385,rafaello.farndell@gmail.com,Rafaello,Farndell,student,Welcome@012
S332678373,saundra.boston@yahoo.com,Saundra,Boston,student,Welcome@013
S152678391,ninnetta.ruddell@hotmail.co.uk,Ninnetta,Ruddell,student,Welcome@014
S942678389,walker.mackeogh@yahoo.com,Walker,MacKeogh,student,Welcome@015
S552678395,roderich.callington@hotmail.com,Roderich,Callington,student,Welcome@016
S652678396,lisle.cushe@yahoo.com,Lisle,Cushe,student,Welcome@017
S712678357,paulie.puttrell@gmx.de,Paulie,Puttrell,student,Welcome@018
S392678433,raff.huguenet@gmail.com,Raff,Huguenet,student,Welcome@019
S822678368,rowan.pedrozzi@yahoo.com,Rowan,Pedrozzi,student,Welcome@020
S952678399,therine.nore@gmail.com,Therine,Nore,student,Welcome@021
S532678375,shanta.zebedee@aol.com,Shanta,Zebedee,student,Welcome@022
S762678407,ludwig.oluby@hotmail.com,Ludwig,O'Luby,student,Welcome@023
S182678421,noni.bullus@gmail.com,Noni,Bullus,student,Welcome@024
S832678378,lorant.duchesne@yahoo.fr,Lorant,Duchesne,student,Welcome@025
S292678432,kirsten.tart@hotmail.com,Kirsten,Tart,student,Welcome@026
S072678410,harriett.wiburn@hotmail.com,Harriett,Wiburn,student,Welcome@027
S862678408,micky.janik@wanadoo.fr,Micky,Janik,student,Welcome@028
S012678350,morey.saer@yahoo.com,Morey,Saer,student,Welcome@029
S362678403,quintin.rawlings@msn.com,Quintin,Rawlings,student,Welcome@030
S092678430,creighton.dingsdale@hotmail.co.uk,Creighton,Dingsdale,student,Welcome@031
S242678382,dulcy.demendoza@aol.com,Dulcy,de Mendoza,student,Welcome@032
S812678358,eilis.halversen@gmail.com,Eilis,Halversen,student,Welcome@033
S912678359,nathalie.pelchat@free.fr,Nathalie,Pelchat,student,Welcome@034
S992678439,sayres.yurinov@gmail.com,Sayres,Yurinov,student,Welcome@035
S782678427,regan.springthorp@yahoo.com,Regan,Springthorp,student,Welcome@036
S282678422,tucker.ondrich@hotmail.co.uk,Tucker,Ondrich,student,Welcome@037
S312678353,ange.buddell@hotmail.com,Ange,Buddell,student,Welcome@038
S132678371,kevina.scurman@msn.com,Kevina,Scurman,student,Welcome@039
S422678364,conway.blakeley@hotmail.fr,Conway,Blakeley,student,Welcome@040
S492678434,evey.hestrop@wanadoo.fr,Evey,Hestrop,student,Welcome@041
S842678388,sibella.causbey@yahoo.es,Sibella,Causbey,student,Welcome@042
S642678386,max.titcumb@yahoo.com,Max,Titcumb,student,Welcome@043
S262678402,will.rame@gmail.com,Will,Rame,student,Welcome@044
S692678436,sisely.leyshon@hotmail.com,Sisely,Leyshon,student,Welcome@045
S172678411,walt.burker@laposte.net,Walt,Burker,student,Welcome@046
S052678390,ethan.borlease@freenet.de,Ethan,Borlease,student,Welcome@047
S932678379,kali.gibbins@yahoo.com,Kali,Gibbins,student,Welcome@048
S122678361,ema.statersfield@hotmail.com,Ema,Statersfield,student,Welcome@049
S582678425,nicky.cornejo@gmail.com,Nicky,Cornejo,student,Welcome@050
S232678372,royall.abrahamowitcz@gmail.com,Royall,Abrahamowitcz,student,Welcome@051
S682678426,ethelyn.northen@hotmail.com,Ethelyn,Northen,student,Welcome@052
S352678393,bianka.gremain@aol.com,Bianka,Gremain,student,Welcome@053
S852678398,randee.scading@gmail.com,Randee,Scading,student,Welcome@054
S592678435,becki.scott@live.com,Becki,Scott,student,Welcome@055
S062678400,zonnya.butterly@orange.fr,Zonnya,Butterly,student,Welcome@056
S342678383,stevena.pinchon@gmail.com,Stevena,Pinchon,student,Welcome@057
S432678374,rochester.rutigliano@hotmail.com,Rochester,Rutigliano,student,Welcome@058
S892678438,coralie.lenham@gmail.com,Coralie,Lenham,student,Welcome@059
S112678351,elberta.blackeby@yahoo.com,Elberta,Blackeby,student,Welcome@060
S522678365,bernadette.trevance@yahoo.com,Bernadette,Trevance,student,Welcome@061
S962678409,torey.colbeck@msn.com,Torey,Colbeck,student,Welcome@062
S662678406,shayne.oppery@gmail.com,Shayne,Oppery,student,Welcome@063
S752678397,aubrette.trett@hotmail.com,Aubrette,Trett,student,Welcome@064
S382678423,jori.gilberthorpe@aim.com,Jori,Gilberthorpe,student,Welcome@065
S732678377,neall.bedburrow@hotmail.fr,Neall,Bedburrow,student,Welcome@066
S142678381,minta.semrad@hotmail.com,Minta,Semrad,student,Welcome@067
S482678424,loree.izacenko@hotmail.com,Loree,Izacenko,student,Welcome@068
S222678362,ingunna.schuchmacher@hotmail.com,Ingunna,Schuchmacher,student,Welcome@069
S032678370,wayne.pettigree@neuf.fr,Wayne,Pettigree,student,Welcome@070
S272678412,fidole.huckster@yahoo.com,Fidole,Huckster,student,Welcome@071
S882678428,osborn.digg@yahoo.com,Osborn,Digg,student,Welcome@072
S622678366,anthiathia.aizlewood@rediffmail.com,Anthiathia,Aizlewood,student,Welcome@073
S922678369,huey.grzes@gmail.com,Huey,Grzes,student,Welcome@074
S372678413,rycca.thunderman@hotmail.com,Rycca,Thunderman,student,Welcome@075
S512678355,dolph.ever@hotmail.com,Dolph,Ever,student,Welcome@076
S252678392,rhys.sheed@msn.com,Rhys,Sheed,student,Welcome@077
S872678418,margarita.swainsbury@hotmail.com,Margarita,Swainsbury,student,Welcome@078
S972678419,gallard.chuck@aol.com,Gallard,Chuck,student,Welcome@079
S722678367,alaric.mcphail@gmail.com,Alaric,McPhail,student,Welcome@080
S082678420,windham.taillard@uol.com.br,Windham,Taillard,student,Welcome@081
S772678417,loella.dealmeida@gmx.de,Loella,de Almeida,student,Welcome@082
S442678384,creight.glaze@aol.com,Creight,Glaze,student,Welcome@083
S452678394,marjory.birkbeck@yahoo.com,Marjory,Birkbeck,student,Welcome@084
S472678414,nicola.pitson@tin.it,Nicola,Pitson,student,Welcome@085
S632678376,marcie.eykelbosch@gmail.com,Marcie,Eykelbosch,student,Welcome@086
S462678404,vaclav.hedditeh@yahoo.es,Vaclav,Hedditeh,student,Welcome@087
S562678405,kean.heathorn@tiscali.it,Kean,Heathorn,student,Welcome@088
S022678360,arline.doumic@gmail.com,Arline,Doumic,student,Welcome@089
S042678380,heath.lorenzo@gmail.com,Heath,Lorenzo,student,Welcome@090
S272678412,tiff.ffrench@hotmail.com,Tiff,Ffrench,student,Welcome@091
S112678351,guss.pavluk@hotmail.com,Guss,Pavluk,student,Welcome@092
S152678391,nowell.dymock@gmail.com,Nowell,Dymock,student,Welcome@093
S932678379,jilleen.whiff@hotmail.com,Jilleen,Whiff,student,Welcome@094
S372678413,carlen.maidens@gmail.com,Carlen,Maidens,student,Welcome@095
S962678409,gray.harford@live.com,Gray,Harford,student,Welcome@096
S072678410,steffi.geaves@yahoo.com,Steffi,Geaves,student,Welcome@097
S042678380,olivier.hackleton@uol.com.br,Olivier,Hackleton,student,Welcome@098
S212678352,frazier.kemshell@hotmail.com,Frazier,Kemshell,student,Welcome@099
S342678383,horton.louch@gmx.de,Horton,Louch,student,Welcome@100
S602276804,danielle.johnson@hotmail.com,Danielle,Johnson,student,Welcome@101
S250165258,carolyn.hoffman@yahoo.com,Carolyn,Hoffman,student,Welcome@102
S863193008,curtis.james@hotmail.com,Curtis,James,student,Welcome@103
S875935868,james.jones@hotmail.com,James,Jones,student,Welcome@104
S702202126,cynthia.ferguson@yahoo.com,Cynthia,Ferguson,student,Welcome@105
S322966171,richard.jones@hotmail.com,Richard,Jones,student,Welcome@106
S965687203,jose.richards@hotmail.com,Jose,Richards,student,Welcome@107
S298363942,ernest.becker@gmail.com,Ernest,Becker,student,Welcome@108
S525832950,kelly.moore@yahoo.com,Kelly,Moore,student,Welcome@109
S167403959,kathryn.ryan@hotmail.com,Kathryn,Ryan,student,Welcome@110
S765261449,todd.jones@hotmail.com,Todd,Jones,student,Welcome@111
S519826617,debra.kim@gmail.com,Debra,Kim,student,Welcome@112
S750309883,carlos.johnson@gmail.com,Carlos,Johnson,student,Welcome@113
S890407714,collin.jordan@gmail.com,Collin,Jordan,student,Welcome@114
S284257239,joshua.wright@yahoo.com,Joshua,Wright,student,Welcome@115
S451235220,timothy.hancock@gmail.com,Timothy,Hancock,student,Welcome@116
S298026219,james.robinson@gmail.com,James,Robinson,student,Welcome@117
S478104447,brian.romero@gmail.com,Brian,Romero,student,Welcome@118
S043821442,christine.barnes@hotmail.com,Christine,Barnes,student,Welcome@119
S948509899,debbie.bryant@yahoo.com,Debbie,Bryant,student,Welcome@120
S448910397,justin.kim@gmail.com,Justin,Kim,student,Welcome@121
S677641207,julia.moore@yahoo.com,Julia,Moore,student,Welcome@122
S304950580,kellie.walsh@hotmail.com,Kellie,Walsh,student,Welcome@123
S849550065,earl.anderson@yahoo.com,Earl,Anderson,student,Welcome@124
S263216499,angel.doyle@gmail.com,Angel,Doyle,student,Welcome@125
S650551302,donna.ross@gmail.com,Donna,Ross,student,Welcome@126
S453985659,daniel.hamilton@hotmail.com,Daniel,Hamilton,student,Welcome@127
S828712236,jennifer.harmon@hotmail.com,Jennifer,Harmon,student,Welcome@128
S498042076,david.fisher@yahoo.com,David,Fisher,student,Welcome@129
S754008958,scott.lowe@gmail.com,Scott,Lowe,student,Welcome@130
S113878822,tracey.carr@hotmail.com,Tracey,Carr,student,Welcome@131
S784619898,april.williams@hotmail.com,April,Williams,student,Welcome@132
S197467217,patricia.simmons@yahoo.com,Patricia,Simmons,student,Welcome@133
S041938826,scott.reeves@hotmail.com,Scott,Reeves,student,Welcome@134
S207356830,jason.perry@yahoo.com,Jason,Perry,student,Welcome@135
S590537491,melissa.ashley@gmail.com,Melissa,Ashley,student,Welcome@136
S270957763,tina.ferguson@yahoo.com,Tina,Ferguson,student,Welcome@137
S633873344,matthew.hobbs@gmail.com,Matthew,Hobbs,student,Welcome@138
S149696350,mary.howell@hotmail.com,Mary,Howell,student,Welcome@139
S456442497,tamara.higgins@hotmail.com,Tamara,Higgins,student,Welcome@140
S056387621,caroline.martinez@yahoo.com,Caroline,Martinez,student,Welcome@141
S248046164,daniel.yu@gmail.com,Daniel,Yu,student,Welcome@142
S607714195,mariah.miller@yahoo.com,Mariah,Miller,student,Welcome@143
S284869598,matthew.beard@yahoo.com,Matthew,Beard,student,Welcome@144
S758587422,laura.davis@hotmail.com,Laura,Davis,student,Welcome@145
S756202235,andrea.bell@yahoo.com,Andrea,Bell,student,Welcome@146
S267045424,jenny.bray@hotmail.com,Jenny,Bray,student,Welcome@147
S687303789,kelly.raymond@gmail.com,Kelly,Raymond,student,Welcome@148
S756224036,crystal.brown@gmail.com,Crystal,Brown,student,Welcome@149
S141603506,kimberly.james@gmail.com,Kimberly,James,student,Welcome@150
S403237378,john.arnold@hotmail.com,John,Arnold,student,Welcome@151
S005936767,michele.jones@gmail.com,Michele,Jones,student,Welcome@152
S862419423,brian.sparks@hotmail.com,Brian,Sparks,student,Welcome@153
S977135959,bill.reynolds@yahoo.com,Bill,Reynolds,student,Welcome@154
S915826368,howard.richards@hotmail.com,Howard,Richards,student,Welcome@155
S056060444,benjamin.miller@yahoo.com,Benjamin,Miller,student,Welcome@156
S841156697,colleen.wolf@hotmail.com,Colleen,Wolf,student,Welcome@157
S853292475,eric.pierce@hotmail.com,Eric,Pierce,student,Welcome@158
S343432258,joshua.davenport@yahoo.com,Joshua,Davenport,student,Welcome@159
S512452474,lori.campbell@gmail.com,Lori,Campbell,student,Welcome@160
S242635395,tina.allen@gmail.com,Tina,Allen,student,Welcome@161
S432737961,morgan.alexander@yahoo.com,Morgan,Alexander,student,Welcome@162
S795211210,courtney.clay@gmail.com,Courtney,Clay,student,Welcome@163
S295618485,brandon.flynn@hotmail.com,Brandon,Flynn,student,Welcome@164
S410948406,felicia.jimenez@gmail.com,Felicia,Jimenez,student,Welcome@165
S153917672,charles.landry@yahoo.com,Charles,Landry,student,Welcome@166
S448936679,ashley.andrews@gmail.com,Ashley,Andrews,student,Welcome@167
S261100452,dana.oliver@gmail.com,Dana,Oliver,student,Welcome@168
S774697669,kristin.walter@hotmail.com,Kristin,Walter,student,Welcome@169
S569801375,jennifer.whitney@hotmail.com,Jennifer,Whitney,student,Welcome@170
S166954004,parker.little@gmail.com,Parker,Little,student,Welcome@171
S209859962,donald.shah@hotmail.com,Donald,Shah,student,Welcome@172
S746915640,corey.burns@gmail.com,Corey,Burns,student,Welcome@173
S368362985,tammy.rush@hotmail.com,Tammy,Rush,student,Welcome@174
S339459654,jason.kane@hotmail.com,Jason,Kane,student,Welcome@175
S376725946,mario.thompson@gmail.com,Mario,Thompson,student,Welcome@176
S962155099,shannon.walker@gmail.com,Shannon,Walker,student,Welcome@177
S184752892,marc.hernandez@hotmail.com,Marc,Hernandez,student,Welcome@178
S395882749,catherine.garcia@yahoo.com,Catherine,Garcia,student,Welcome@179
S822594153,larry.scott@gmail.com,Larry,Scott,student,Welcome@180
S543165270,brenda.hoffman@gmail.com,Brenda,Hoffman,student,Welcome@181
S939761919,melanie.bell@gmail.com,Melanie,Bell,student,Welcome@182
S180901890,chelsea.barrett@gmail.com,Chelsea,Barrett,student,Welcome@183
S630365968,joyce.bonilla@hotmail.com,Joyce,Bonilla,student,Welcome@184
S562622097,caitlyn.ware@yahoo.com,Caitlyn,Ware,student,Welcome@185
S120303424,joshua.fischer@yahoo.com,Joshua,Fischer,student,Welcome@186
S163645264,james.dougherty@hotmail.com,James,Dougherty,student,Welcome@187
S842509929,linda.jones@gmail.com,Linda,Jones,student,Welcome@188
S813425592,tammy.jackson@hotmail.com,Tammy,Jackson,student,Welcome@189
S256706492,matthew.cook@gmail.com,Matthew,Cook,student,Welcome@190
S821277610,dwayne.gonzalez@yahoo.com,Dwayne,Gonzalez,student,Welcome@191
S070319342,carlos.ramos@hotmail.com,Carlos,Ramos,student,Welcome@192
S959828487,michelle.wyatt@hotmail.com,Michelle,Wyatt,student,Welcome@193
S191987998,edward.brown@hotmail.com,Edward,Brown,student,Welcome@194
S705466589,erik.watson@gmail.com,Erik,Watson,student,Welcome@195
S208592089,mathew.aguilar@gmail.com,Mathew,Aguilar,student,Welcome@196
S419340814,elizabeth.calderon@gmail.com,Elizabeth,Calderon,student,Welcome@197
S794714044,eric.phillips@gmail.com,Eric,Phillips,student,Welcome@198
S624239396,henry.schwartz@yahoo.com,Henry,Schwartz,student,Welcome@199
S299802690,tammy.mueller@gmail.com,Tammy,Mueller,student,Welcome@200
S972855827,laurie.taylor@gmail.com,Laurie,Taylor,student,Welcome@201
S299571813,renee.velasquez@gmail.com,Renee,Velasquez,student,Welcome@202
S310757475,mary.santos@gmail.com,Mary,Santos,student,Welcome@203
S590785490,jonathan.conley@yahoo.com,Jonathan,Conley,student,Welcome@204
S464900602,danielle.dean@yahoo.com,Danielle,Dean,student,Welcome@205
S539546078,aaron.gomez@hotmail.com,Aaron,Gomez,student,Welcome@206
S772423440,andrew.marks@hotmail.com,Andrew,Marks,student,Welcome@207
S631908007,katherine.anderson@gmail.com,Katherine,Anderson,student,Welcome@208
S095648949,nina.stewart@yahoo.com,Nina,Stewart,student,Welcome@209
S231514835,pamela.paul@yahoo.com,Pamela,Paul,student,Welcome@210
S224576656,manuel.miller@gmail.com,Manuel,Miller,student,Welcome@211
S602793116,emily.sullivan@gmail.com,Emily,Sullivan,student,Welcome@212
S790534133,erika.rush@yahoo.com,Erika,Rush,student,Welcome@213
S001662644,april.mcintyre@gmail.com,April,Mcintyre,student,Welcome@214
S714264603,shannon.roach@gmail.com,Shannon,Roach,student,Welcome@215
S032123071,tracie.conner@gmail.com,Tracie,Conner,student,Welcome@216
S758808009,cameron.sanders@gmail.com,Cameron,Sanders,student,Welcome@217
S446249194,natalie.deleon@yahoo.com,Natalie,Deleon,student,Welcome@218
S414408727,stacey.stone@gmail.com,Stacey,Stone,student,Welcome@219
S651739611,george.weber@yahoo.com,George,Weber,student,Welcome@220
S117096455,pamela.gardner@yahoo.com,Pamela,Gardner,student,Welcome@221
S668610432,catherine.edwards@yahoo.com,Catherine,Edwards,student,Welcome@222
S534080886,kelly.cruz@yahoo.com,Kelly,Cruz,student,Welcome@223
S457848634,william.levy@gmail.com,William,Levy,student,Welcome@224
S018375124,nicole.luna@hotmail.com,Nicole,Luna,student,Welcome@225
S513243576,joshua.hays@gmail.com,Joshua,Hays,student,Welcome@226
S062769835,mason.wells@hotmail.com,Mason,Wells,student,Welcome@227
S396359337,maria.patel@yahoo.com,Maria,Patel,student,Welcome@228
S799906503,tammy.patton@gmail.com,Tammy,Patton,student,Welcome@229
S942108178,edward.vaughn@hotmail.com,Edward,Vaughn,student,Welcome@230
S686511669,kelsey.le@yahoo.com,Kelsey,Le,student,Welcome@231
S462427453,michael.peck@yahoo.com,Michael,Peck,student,Welcome@232
S839942359,diana.burgess@gmail.com,Diana,Burgess,student,Welcome@233
S680439751,brent.stein@gmail.com,Brent,Stein,student,Welcome@234
S145809889,richard.donovan@gmail.com,Richard,Donovan,student,Welcome@235
S333023073,wendy.sanders@gmail.com,Wendy,Sanders,student,Welcome@236
S094874690,melissa.mcdonald@hotmail.com,Melissa,Mcdonald,student,Welcome@237
S196472126,melissa.prince@yahoo.com,Melissa,Prince,student,Welcome@238
S084565720,stephanie.turner@hotmail.com,Stephanie,Turner,student,Welcome@239
S516539575,sabrina.phillips@gmail.com,Sabrina,Phillips,student,Welcome@240
S803373026,erin.larson@gmail.com,Erin,Larson,student,Welcome@241
S571336869,mark.meyer@yahoo.com,Mark,Meyer,student,Welcome@242
S117902783,stephen.brown@gmail.com,Stephen,Brown,student,Welcome@243
S384062806,sarah.jones@hotmail.com,Sarah,Jones,student,Welcome@244
S744493163,michelle.wilson@hotmail.com,Michelle,Wilson,student,Welcome@245
S870685306,nicolas.hall@hotmail.com,Nicolas,Hall,student,Welcome@246
S646308392,arthur.harper@hotmail.com,Arthur,Harper,student,Welcome@247
S645710864,barbara.ray@yahoo.com,Barbara,Ray,student,Welcome@248
S263901434,brandon.cooper@hotmail.com,Brandon,Cooper,student,Welcome@249
S133290159,drew.ford@yahoo.com,Drew,Ford,student,Welcome@250
S772669210,deborah.nielsen@gmail.com,Deborah,Nielsen,student,Welcome@251
S798996752,timothy.booth@yahoo.com,Timothy,Booth,student,Welcome@252
S177132972,amanda.howard@gmail.com,Amanda,Howard,student,Welcome@253
S354918037,joyce.smith@gmail.com,Joyce,Smith,student,Welcome@254
S445130451,victor.pena@gmail.com,Victor,Pena,student,Welcome@255
S571588531,lisa.williams@gmail.com,Lisa,Williams,student,Welcome@256
S952019266,christine.estrada@gmail.com,Christine,Estrada,student,Welcome@257
S655169390,wayne.wolfe@yahoo.com,Wayne,Wolfe,student,Welcome@258
S065674646,stephen.sanchez@gmail.com,Stephen,Sanchez,student,Welcome@259
S948620044,vincent.hamilton@gmail.com,Vincent,Hamilton,student,Welcome@260
S637789135,suzanne.matthews@gmail.com,Suzanne,Matthews,student,Welcome@261
S422023628,connor.hall@gmail.com,Connor,Hall,student,Welcome@262
S353745430,michael.pugh@yahoo.com,Michael,Pugh,student,Welcome@263
S425025862,kyle.ward@yahoo.com,Kyle,Ward,student,Welcome@264
S112340053,angela.carlson@yahoo.com,Angela,Carlson,student,Welcome@265
S345866103,joseph.thomas@hotmail.com,Joseph,Thomas,student,Welcome@266
S971550134,christina.ellis@hotmail.com,Christina,Ellis,student,Welcome@267
S653619723,terri.taylor@yahoo.com,Terri,Taylor,student,Welcome@268
S454031438,daniel.elliott@hotmail.com,Daniel,Elliott,student,Welcome@269
S526952045,victor.schultz@hotmail.com,Victor,Schultz,student,Welcome@270
S816091031,william.knapp@hotmail.com,William,Knapp,student,Welcome@271
S564877559,tonya.byrd@yahoo.com,Tonya,Byrd,student,Welcome@272
S394556868,peter.barton@hotmail.com,Peter,Barton,student,Welcome@273
S492299776,donald.collins@gmail.com,Donald,Collins,student,Welcome@274
S459725583,melinda.wong@yahoo.com,Melinda,Wong,student,Welcome@275
S710909672,anthony.mendez@gmail.com,Anthony,Mendez,student,Welcome@276
S961652656,lauren.herrera@gmail.com,Lauren,Herrera,student,Welcome@277
S471705949,michael.bruce@hotmail.com,Michael,Bruce,student,Welcome@278
S672207627,donald.price@gmail.com,Donald,Price,student,Welcome@279
S948908717,leonard.hayes@hotmail.com,Leonard,Hayes,student,Welcome@280
S026934658,travis.mckinney@yahoo.com,Travis,Mckinney,student,Welcome@281
S528376703,ariel.barton@gmail.com,Ariel,Barton,student,Welcome@282
S616644340,jill.valdez@hotmail.com,Jill,Valdez,student,Welcome@283
S322279370,brianna.bell@hotmail.com,Brianna,Bell,student,Welcome@284
S601345873,gary.werner@gmail.com,Gary,Werner,student,Welcome@285
S926211764,kathleen.lowe@yahoo.com,Kathleen,Lowe,student,Welcome@286
S456227804,brandi.melton@hotmail.com,Brandi,Melton,student,Welcome@287
S918925184,becky.knight@hotmail.com,Becky,Knight,student,Welcome@288
S505845404,kevin.baxter@gmail.com,Kevin,Baxter,student,Welcome@289
S020204750,brittney.stone@yahoo.com,Brittney,Stone,student,Welcome@290
S421167938,michael.evans@hotmail.com,Michael,Evans,student,Welcome@291
S930981819,peggy.taylor@hotmail.com,Peggy,Taylor,student,Welcome@292
S198794743,carolyn.griffith@gmail.com,Carolyn,Griffith,student,Welcome@293
S411870669,victor.wheeler@gmail.com,Victor,Wheeler,student,Welcome@294
S210570742,bruce.mccormick@gmail.com,Bruce,Mccormick,student,Welcome@295
S805287356,mark.willis@gmail.com,Mark,Willis,student,Welcome@296
S316230989,alexander.taylor@hotmail.com,Alexander,Taylor,student,Welcome@297
S449967341,olivia.wise@hotmail.com,Olivia,Wise,student,Welcome@298
S748378959,michael.porter@gmail.com,Michael,Porter,student,Welcome@299
S122698071,brandon.cox@gmail.com,Brandon,Cox,student,Welcome@300
S668177548,jeffrey.black@yahoo.com,Jeffrey,Black,student,Welcome@301
S909919426,steven.vargas@hotmail.com,Steven,Vargas,student,Welcome@302
S957353254,jessica.garcia@gmail.com,Jessica,Garcia,student,Welcome@303
S948934521,preston.vargas@yahoo.com,Preston,Vargas,student,Welcome@304
S954133846,jesus.harding@hotmail.com,Jesus,Harding,student,Welcome@305
S747747315,michael.townsend@hotmail.com,Michael,Townsend,student,Welcome@306
S899580800,john.kelly@gmail.com,John,Kelly,student,Welcome@307
S601240699,bryan.norman@gmail.com,Bryan,Norman,student,Welcome@308
S054075256,james.brewer@yahoo.com,James,Brewer,student,Welcome@309
S919526237,anthony.vega@hotmail.com,Anthony,Vega,student,Welcome@310
S942628096,robert.pierce@yahoo.com,Robert,Pierce,student,Welcome@311
S434670863,amy.washington@yahoo.com,Amy,Washington,student,Welcome@312
S502884009,brian.frey@gmail.com,Brian,Frey,student,Welcome@313
S618021889,joel.stewart@gmail.com,Joel,Stewart,student,Welcome@314
S558653776,christopher.hall@yahoo.com,Christopher,Hall,student,Welcome@315
S730206659,janet.thomas@gmail.com,Janet,Thomas,student,Welcome@316
S674253153,theresa.oconnor@hotmail.com,Theresa,Oconnor,student,Welcome@317
S770176731,stacy.myers@yahoo.com,Stacy,Myers,student,Welcome@318
S332114540,gary.mcclure@hotmail.com,Gary,Mcclure,student,Welcome@319
S053323099,jessica.costa@yahoo.com,Jessica,Costa,student,Welcome@320
S561221122,matthew.barron@hotmail.com,Matthew,Barron,student,Welcome@321
S226511393,craig.harris@hotmail.com,Craig,Harris,student,Welcome@322
S833889139,andrea.henry@gmail.com,Andrea,Henry,student,Welcome@323
S399264523,george.carter@gmail.com,George,Carter,student,Welcome@324
S155565947,nathan.james@gmail.com,Nathan,James,student,Welcome@325
S268744626,karen.contreras@hotmail.com,Karen,Contreras,student,Welcome@326
S345559840,gloria.mayer@hotmail.com,Gloria,Mayer,student,Welcome@327
S856076360,stacy.cole@yahoo.com,Stacy,Cole,student,Welcome@328
S693710275,luis.acosta@hotmail.com,Luis,Acosta,student,Welcome@329
S437553014,cindy.mills@yahoo.com,Cindy,Mills,student,Welcome@330
S873375307,patrick.washington@gmail.com,Patrick,Washington,student,Welcome@331
S007031897,julie.mccall@hotmail.com,Julie,Mccall,student,Welcome@332
S534476163,jacob.lewis@gmail.com,Jacob,Lewis,student,Welcome@333
S153727801,nancy.gonzalez@yahoo.com,Nancy,Gonzalez,student,Welcome@334
S311649333,brooke.thompson@gmail.com,Brooke,Thompson,student,Welcome@335
S341689563,joseph.ortiz@hotmail.com,Joseph,Ortiz,student,Welcome@336
S131355445,tammy.day@hotmail.com,Tammy,Day,student,Welcome@337
S954134030,deborah.lynch@hotmail.com,Deborah,Lynch,student,Welcome@338
S895464840,richard.flores@gmail.com,Richard,Flores,student,Welcome@339
S722514775,gina.little@hotmail.com,Gina,Little,student,Welcome@340
S178380759,julie.parker@gmail.com,Julie,Parker,student,Welcome@341
S872943849,mikayla.james@yahoo.com,Mikayla,James,student,Welcome@342
S853761122,joshua.juarez@yahoo.com,Joshua,Juarez,student,Welcome@343
S325372289,alexis.morris@gmail.com,Alexis,Morris,student,Welcome@344
S979981827,kenneth.carter@gmail.com,Kenneth,Carter,student,Welcome@345
S831663077,jessica.lawrence@hotmail.com,Jessica,Lawrence,student,Welcome@346
S768445880,daniel.huff@hotmail.com,Daniel,Huff,student,Welcome@347
S630524228,abigail.dean@yahoo.com,Abigail,Dean,student,Welcome@348
S554360074,marie.dudley@gmail.com,Marie,Dudley,student,Welcome@349
S840926161,mary.caldwell@gmail.com,Mary,Caldwell,student,Welcome@350
S623913362,cory.thompson@yahoo.com,Cory,Thompson,student,Welcome@351
S704126068,christy.johns@yahoo.com,Christy,Johns,student,Welcome@352
S103713817,deborah.robles@hotmail.com,Deborah,Robles,student,Welcome@353
S915064761,noah.howard@gmail.com,Noah,Howard,student,Welcome@354
S680175393,janet.gregory@hotmail.com,Janet,Gregory,student,Welcome@355
S205667686,brian.schneider@gmail.com,Brian,Schneider,student,Welcome@356
S557208941,nicholas.montoya@hotmail.com,Nicholas,Montoya,student,Welcome@357
S559991853,denise.garcia@gmail.com,Denise,Garcia,student,Welcome@358
S490502993,megan.rivera@hotmail.com,Megan,Rivera,student,Welcome@359
S774465100,travis.underwood@gmail.com,Travis,Underwood,student,Welcome@360
S853686067,sara.monroe@hotmail.com,Sara,Monroe,student,Welcome@361
S291606610,savannah.roberson@hotmail.com,Savannah,Roberson,student,Welcome@362
S043582378,kathryn.hill@hotmail.com,Kathryn,Hill,student,Welcome@363
S834529645,kelly.reed@gmail.com,Kelly,Reed,student,Welcome@364
S811786170,alexandra.johnson@gmail.com,Alexandra,Johnson,student,Welcome@365
S039190876,miranda.stevenson@hotmail.com,Miranda,Stevenson,student,Welcome@366
S293851602,brian.manning@yahoo.com,Brian,Manning,student,Welcome@367
S904283502,gregory.fleming@gmail.com,Gregory,Fleming,student,Welcome@368
S364547197,brandy.scott@hotmail.com,Brandy,Scott,student,Welcome@369
S042388906,jeffrey.white@hotmail.com,Jeffrey,White,student,Welcome@370
S294991202,martin.ward@hotmail.com,Martin,Ward,student,Welcome@371
S739001805,jonathan.ramsey@hotmail.com,Jonathan,Ramsey,student,Welcome@372
S922387732,teresa.ayala@hotmail.com,Teresa,Ayala,student,Welcome@373
S275114459,johnathan.jones@hotmail.com,Johnathan,Jones,student,Welcome@374
S321168608,adam.cortez@yahoo.com,Adam,Cortez,student,Welcome@375
S023562904,kathy.kim@hotmail.com,Kathy,Kim,student,Welcome@376
S724810891,ashley.long@gmail.com,Ashley,Long,student,Welcome@377
S690590916,christina.king@gmail.com,Christina,King,student,Welcome@378
S983041583,james.carpenter@gmail.com,James,Carpenter,student,Welcome@379
S612128062,ariana.diaz@yahoo.com,Ariana,Diaz,student,Welcome@380
S450211856,tony.rodriguez@yahoo.com,Tony,Rodriguez,student,Welcome@381
S037473532,kayla.lewis@hotmail.com,Kayla,Lewis,student,Welcome@382
S508284352,mercedes.anderson@hotmail.com,Mercedes,Anderson,student,Welcome@383
S225777959,donna.faulkner@yahoo.com,Donna,Faulkner,student,Welcome@384
S991237357,terry.gibson@yahoo.com,Terry,Gibson,student,Welcome@385
S519889510,desiree.diaz@gmail.com,Desiree,Diaz,student,Welcome@386
S604368318,xavier.campbell@hotmail.com,Xavier,Campbell,student,Welcome@387
S059788939,timothy.clark@gmail.com,Timothy,Clark,student,Welcome@388
S131197961,gabriel.nielsen@gmail.com,Gabriel,Nielsen,student,Welcome@389
S863683721,laura.hoover@yahoo.com,Laura,Hoover,student,Welcome@390
S758751386,paul.rodriguez@gmail.com,Paul,Rodriguez,student,Welcome@391
S143033698,natalie.schmidt@yahoo.com,Natalie,Schmidt,student,Welcome@392
S730263770,kristine.james@hotmail.com,Kristine,James,student,Welcome@393
S414833875,ricky.lopez@yahoo.com,Ricky,Lopez,student,Welcome@394
S470021381,melissa.henderson@yahoo.com,Melissa,Henderson,student,Welcome@395
S993987466,vanessa.lane@yahoo.com,Vanessa,Lane,student,Welcome@396
S039459562,sara.graham@yahoo.com,Sara,Graham,student,Welcome@397
S354000864,sonya.wilkins@hotmail.com,Sonya,Wilkins,student,Welcome@398
S269417482,barry.allen@gmail.com,Barry,Allen,student,Welcome@399
S333104285,jillian.jones@yahoo.com,Jillian,Jones,student,Welcome@400
F056789012,panchito.beckmann@aol.com,Panchito,Beckmann,faculty,Welcome@401
F089012345,andonis.duchatel@hotmail.com,Andonis,Duchatel,faculty,Welcome@402
F090123456,clemence.wittleton@gmail.com,Clemence,Wittleton,faculty,Welcome@403
F123456789,ricki.atley@gmail.com,Ricki,Atley,faculty,Welcome@404
F134567890,dottie.durbridge@yahoo.com,Dottie,Durbridge,faculty,Welcome@405
F145678901,saloma.tarpey@hotmail.com,Saloma,Tarpey,faculty,Welcome@406
F167890123,dick.vannacci@aol.com,Dick,Vannacci,faculty,Welcome@407
F189012345,janot.good@yahoo.com,Janot,Good,faculty,Welcome@408
F212345678,delilah.janman@yahoo.com,Delilah,Janman,faculty,Welcome@409
F223456789,ceciley.fairbairn@hotmail.com,Ceciley,Fairbairn,faculty,Welcome@410
F234567890,mariquilla.hanigan@yahoo.com,Mariquilla,Hanigan,faculty,Welcome@411
F245678901,wanda.adamiak@rediffmail.com,Wanda,Adamiak,faculty,Welcome@412
F256789012,albertine.burgoyne@yahoo.co.jp,Albertine,Burgoyne,faculty,Welcome@413
F334567890,pauli.saulter@yahoo.com,Pauli,Saulter,faculty,Welcome@414
F345678901,madeline.drabble@gmail.com,Madeline,Drabble,faculty,Welcome@415
F390123456,celestine.stoner@libero.it,Celestine,Stoner,faculty,Welcome@416
F434567890,gail.lycett@gmail.com,Gail,Lycett,faculty,Welcome@417
F445678901,miofmela.parsons@gmail.com,Miof mela,Parsons,faculty,Welcome@418
F456789012,ruthanne.bordone@hotmail.com,Ruthanne,Bordone,faculty,Welcome@419
F478901234,hector.sperwell@orange.fr,Hector,Sperwell,faculty,Welcome@420
F490123456,vergil.macmeanma@hotmail.com,Vergil,MacMeanma,faculty,Welcome@421
F501234567,shepard.matzkaitis@libero.it,Shepard,Matzkaitis,faculty,Welcome@422
F545678901,odilia.danter@msn.com,Odilia,Danter,faculty,Welcome@423
F556789012,gothart.lummis@yahoo.com,Gothart,Lummis,faculty,Welcome@424
F578901234,sebastiano.ohannen@msn.com,Sebastiano,O'Hannen,faculty,Welcome@425
F590123456,lona.ninnoli@hotmail.fr,Lona,Ninnoli,faculty,Welcome@426
F612345678,delila.suett@yahoo.com,Delila,Suett,faculty,Welcome@427
F623456789,jacklin.gentile@msn.com,Jacklin,Gentile,faculty,Welcome@428
F634567890,charlie.hritzko@gmail.com,Charlie,Hritzko,faculty,Welcome@429
F645678901,maxine.cogswell@aol.com,Maxine,Cogswell,faculty,Welcome@430
F667890123,etan.carmen@yahoo.com,Etan,Carmen,faculty,Welcome@431
F678901234,viviene.tammadge@gmail.com,Viviene,Tammadge,faculty,Welcome@432
F689012345,brion.ambrosi@yahoo.it,Brion,Ambrosi,faculty,Welcome@433
F723456789,malissia.allewell@comcast.net,Malissia,Allewell,faculty,Welcome@434
F756789012,currie.hovenden@msn.com,Currie,Hovenden,faculty,Welcome@435
F767890123,reta.worham@hotmail.com,Reta,Worham,faculty,Welcome@436
F778901234,fairleigh.goldster@gmail.com,Fairleigh,Goldster,faculty,Welcome@437
F789012345,ofelia.colleer@hotmail.com,Ofelia,Colleer,faculty,Welcome@438
F801234567,harriett.deare@aol.com,Harriett,Deare,faculty,Welcome@439
F823456789,irv.ure@hotmail.com,Irv,Ure,faculty,Welcome@440
F834567890,manon.scholefield@gmail.com,Manon,Scholefield,faculty,Welcome@441
F856789012,joachim.blown@rediffmail.com,Joachim,Blown,faculty,Welcome@442
F878901234,marlena.schoenleiter@hotmail.com,Marlena,Schoenleiter,faculty,Welcome@443
F890123456,verna.simmgen@yahoo.com,Verna,Simmgen,faculty,Welcome@444
F901234567,cammi.autie@gmail.com,Cammi,Autie,faculty,Welcome@445
F923456789,mellicent.mcgeaney@yahoo.com,Mellicent,McGeaney,faculty,Welcome@446
F934567890,gabriello.hallam@gmail.com,Gabriello,Hallam,faculty,Welcome@447
F945678901,christean.revel@hotmail.com,Christean,Revel,faculty,Welcome@448
F978901234,bowie.querrard@yahoo.com,Bowie,Querrard,faculty,Welcome@449
F990123456,yolande.westwood@yahoo.com,Yolande,Westwood,faculty,Welcome@450
D892742864,emily.davis@csu.edu,Emily,Davis,driver,Welcome@451
D424394624,jane.jones@csu.edu,Jane,Jones,driver,Welcome@452
D857185609,chris.garcia@csu.edu,Chris,Garcia,driver,Welcome@453
D436011360,laura.wilson@csu.edu,Laura,Wilson,driver,Welcome@454
D611188392,katie.brown@csu.edu,Katie,Brown,driver,Welcome@455
D730463144,emily.davis1@csu.edu,Emily,Davis,driver,Welcome@456
D064445961,jane.smith@csu.edu,Jane,Smith,driver,Welcome@457
D426761237,jane.williams@csu.edu,Jane,Williams,driver,Welcome@458
D723102315,laura.williams@csu.edu,Laura,Williams,driver,Welcome@459
D199719242,john.garcia@csu.edu,John,Garcia,driver,Welcome@460
D907768726,sophia.wilson@csu.edu,Sophia,Wilson,driver,Welcome@461
D241106911,john.garcia1@csu.edu,John,Garcia,driver,Welcome@462
D944294971,laura.smith@csu.edu,Laura,Smith,driver,Welcome@463
D925172916,jane.davis@csu.edu,Jane,Davis,driver,Welcome@464
D737020043,david.rodriguez@csu.edu,David,Rodriguez,driver,Welcome@465
D223163031,laura.wilson1@csu.edu,Laura,Wilson,driver,Welcome@466
D343676922,chris.smith@csu.edu,Chris,Smith,driver,Welcome@467
D352080284,alex.miller@csu.edu,Alex,Miller,driver,Welcome@468
D240496109,laura.davis@csu.edu,Laura,Davis,driver,Welcome@469
D418767983,mike.johnson@csu.edu,Mike,Johnson,driver,Welcome@470
